bench, size
aaparmeggiani--pg_tail , 162
abaelhe--amysql , 2111
abdsec--CVE-2016-0801 , 469
abhishekkr--n00bRAT , 157
adamcaudill--ccsrch , 851
adamierymenko--kissdb , 419
adtac--fssb , 695
agl--ctgrind , 57
alecmuffett--onion-sites-that-dont-suck , 1
alols--xcape , 450
andreafabrizi--prism , 167
antirez--kilo , 956
antirez--linenoise , 872
antirez--otree , 858
antirez--sds , 1077
antirez--smaz , 246
arjun024--mkeykernel , 145
arkhipov--temporal_tables , 810
atg--chocolat-public , 1
atomicobject--odo , 271
authorNari--minigc , 342
AyrA--ExcelStuff , 78
bbu--simple-interpreter , 1180
begeekmyfriend--CuckooFilter , 613
bitly--dablooms , 1070
blechschmidt--massdns , 1702
bluesmoon--pngtocss , 424
brendan-rius--c-jwt-cracker , 246
brenns10--lsh , 159
BrianSharpe--Wombat , 0
burke--matcher , 243
bvdberg--ctest , 596
ccrisan--streameye , 837
cesanta--frozen , 1391
cesanta--slre , 580
chokepoint--CryptHook , 175
clibs--buffer , 453
clibs--commander , 252
clibs--hash , 474
cloudwu--bpa , 274
cloudwu--buddy , 258
cloudwu--coroutine , 226
cloudwu--cstring , 409
cloudwu--rudp , 566
cubanismo--allocator , 68
cyrus-and--prof , 133
dataegret--pg-utils , 1667
datenwolf--linmath.h , 506
dbro--csvquote , 160
dcat--swm , 264
defuse--sockstress , 403
dhepper--font8x8 , 669
dhuertas--AES , 302
digination--dirbuster-ng , 4851
dimitri--pgextwlist , 701
dimitri--prefix , 1318
dizballanze--hashtable , 456
doceme--py-spidev , 927
dosomder--iovyroot , 1288
douban--greenify , 812
douglascrockford--JSMin , 231
duckythescientist--obfuscatedLife , 9
Dunedan--mbp-2016-linux , 64
dutc--didyoumean , 473
ebursztein--malusb , 193
ele7enxxh--Android-Inline-Hook , 898
esneider--debug , 97
esnme--ujson4c , 1803
eulerto--wal2json , 656
eviltrout--tis-100 , 878
EZLippi--WebBench , 393
Feh--nocache , 665
fekberg--GoHttp , 517
felixwilhelm--mario_baslr , 126
fi01--CVE-2015-3636 , 729
fiorix--go-daemon , 317
fragglet--yoctolisp , 734
fxsjy--httpstub , 459
gerard--ext4fuse , 1235
ginsweater--gif-h , 566
Gnaf--GenesisBlockZero , 269
gordol--ld_preload-sounds , 314
h2o--neverbleed , 1216
haikarainen--light , 991
hanschen--ksuperkey , 455
hashcat--maskprocessor , 713
hashcat--princeprocessor , 1183
hashcat--statsprocessor , 789
hit9--todo.c , 994
hoytech--vmtouch , 719
iafonov--multipart-parser-c , 284
ieatlint--mslib , 551
intellectualheaven--ceed , 1248
ioi--isolate , 1676
JazzCore--ctrlp-cmatcher , 321
jbonjean--re-search , 296
jedisct1--blacknurse , 63
jedisct1--dnsblast , 422
jibsen--parg , 1594
jklmnn--imagejs , 394
johnath--beep , 249
jtripper--dns-tcp-socks-proxy , 251
jubalh--nudoku , 678
jwilberding--bcp , 333
kamalmarhubi--shell-workshop , 143
kaniini--slabbed-or-not , 279
klange--nyancat , 1479
laginimaineb--ExtractKeyMaster , 1218
lecram--rover , 1404
LeeBrotherston--tls-fingerprinting , 1057
LemonBoy--bar , 1063
leviathansecurity--ftrace , 1487
lh3--seqtk , 2011
lh3--wgsim , 545
lindenb--makefile2graph , 501
lodevil--Lo-runner , 663
m1m1x--memdlopen , 355
Make-Magazine--PirateRadio , 461
marcomorain--tcat , 116
matp--tiny-lisp , 974
maxmind--geoipupdate , 1427
MeanEYE--Disk-Indicator , 522
mevdschee--2048.c , 376
mitghi--lfqueue , 207
mjosaarinen--dekryptize , 222
mkorenkov--ipad_charge , 180
montag451--pytun , 755
morhetz--gruvbox-contrib , 79
mptre--yank , 400
munificent--mark-sweep , 196
naftaliharris--lazysort , 1261
ncopa--su-exec , 84
ndenev--mpssh , 948
neurobin--shc , 908
nickodell--pact , 114
noahwilliamsson--dji-phantom-vision , 802
oblique--wificurse , 933
petere--plsh , 556
petermichaux--bootstrap-scheme , 1158
petewarden--c_hashmap , 298
pgaudit--pgaudit , 1142
Pithikos--docker-enter , 163
pkrumins--bithacks.h , 364
planetbeing--ios-jailbreak-patchfinder , 1045
pod2g--sendrawpdu , 114
polachok--py-phash , 0
poliva--ldpreloadhook , 332
postgrespro--zson , 470
practicalswift--openemacs , 1025
pramsey--pgsql-http , 567
Property404--hdbf , 448
pushcx--lockrun , 148
pwning--docs , 139
pyknite--catwm , 535
quick2wire--quick2wire-gpio-admin , 121
radiofreejohn--cfastread , 97
RaphaelJ--fast_strstr , 102
rg3--sudoku , 220
rmitton--rjm , 525
robertdavidgraham--pemcrack , 75
roehling--postsrsd , 1486
rui314--minilisp , 722
rxi--aria , 1249
rxi--log.c , 101
rxi--vec , 521
saelo--cve-2014-0038 , 130
saravana815--dhtest , 2307
saurik--mempodroid , 154
setarcos--ch341prog , 618
sharvil--flingfd , 179
shenfeng--tiny-web-server , 372
shmup--wander , 2238
shoumikhin--ELF-Hook , 454
siganakis--tny , 1101
silentbicycle--ff , 238
silentbicycle--sample , 385
silentbicycle--socket99 , 724
silentbicycle--theft , 1839
simplegeo--libgeohash , 261
solusipse--fiche , 545
stealth--troubleshooter , 188
StijnBrouwer--vox2png , 1089
supertunaman--cdl , 7
tarequeh--DES , 472
the8thbit--e , 171
theZiz--aha , 678
ThomasKing2014--ELF-ARM-HOOK-Library , 33
thvdburgt--KnR-The-C-Programming-Language-Solutions , 2204
tj--watch , 290
tmbinc--bgrep , 280
torvalds--test-tlb , 209
travisghansen--fanout , 982
treeder--logitech_unifier , 60
turon--git-rcs-keywords , 4
udp--json-parser , 1115
umitanuki--kmeans-postgresql , 301
umitanuki--twitter_fdw , 1925
uptimejp--sql_firewall , 2227
v3l0c1r4pt0r--delz , 304
veorq--SipHash , 1155
vincenthz--libjson , 1490
ViralSecurityGroup--KNOXout , 1293
visit1985--mdp , 1863
vivekannan--calc , 385
vmg--houdini , 1606
wanchouchou--ManifestAmbiguity , 1177
watmough--jwHash , 608
WetDesertRock--Yarn , 697
willemt--cbuffer , 560
wkoszek--cpu60 , 56
wolfgangj--bone-lisp , 2916
wuwenbin--buddy2 , 164
xorg62--tty-clock , 609
xroche--coffeecatch , 1263
yarrick--pingfs , 1352
yongboy--bindp , 79
